close,date,high,low,open,volume
69.39,2019-08-12,70.17,68.855,68.96,1004300
71.7,2019-08-13,72.36,69.02,69.42,1127400
69.78,2019-08-14,70.67,69.16,69.97,1042500
70.11,2019-08-15,71.32,69.8,69.93,1089500
71.61,2019-08-16,72.15,70.23,70.59,1135700
72.02,2019-08-19,73.125,71.72,72.65,1359900
73.06,2019-08-20,73.67,71.81,72.41,995700
74.69,2019-08-21,75.18,73.83,73.83,1077300
73.49,2019-08-22,75.66,73.45,74.85,1356600
70.34,2019-08-23,72.92,70.12,72.85,1933300
70.8,2019-08-26,72.03,70.47,71.48,868000
70.21,2019-08-27,71.79,69.72,71.4,1030400
69.57,2019-08-28,70.0,68.7,69.88,1707200
71.51,2019-08-29,72.28,70.76,70.76,1367900
71.43,2019-08-30,71.95,70.2,71.91,1306100
70.28,2019-09-03,70.94,68.94,70.62,1043200
72.37,2019-09-04,72.39,71.15,71.4,688600
75.17,2019-09-05,75.4,73.57,73.59,1110600
75.45,2019-09-06,75.98,74.775,75.17,856200
76.0,2019-09-09,76.35,75.53,75.98,1122100
76.8,2019-09-10,76.89,75.18,75.83,1398600
76.27,2019-09-11,77.47,76.08,77.0,1429200
77.8,2019-09-12,77.82,75.89,77.06,1212400
77.51,2019-09-13,78.685,77.135,77.41,1006400
77.22,2019-09-16,77.74,75.85,76.69,842600
76.35,2019-09-17,77.62,76.2,77.48,1321300
76.7,2019-09-18,76.97,75.43,76.54,1207000
75.19,2019-09-19,76.79,75.11,76.5,870000
75.98,2019-09-20,76.66,75.4,75.79,2006900
77.36,2019-09-23,77.97,75.92,76.15,968600
76.72,2019-09-24,78.0,76.19,78.0,912200
76.93,2019-09-25,76.99,75.6,75.6,786900
75.1,2019-09-26,76.26,74.68,75.47,990000
73.23,2019-09-27,75.215,72.99,74.87,1039000
74.14,2019-09-30,74.37,73.11,73.81,735500
73.17,2019-10-01,75.545,73.07,74.32,825700
71.37,2019-10-02,73.0,70.86,72.68,784900
72.83,2019-10-03,72.99,70.7,71.39,1010000
74.88,2019-10-04,75.19,73.83,73.99,998300
73.96,2019-10-07,74.86,73.96,74.5,1239500
72.46,2019-10-08,73.71,71.96,73.38,1231200
73.29,2019-10-09,73.76,72.53,73.1,639100
76.8,2019-10-10,77.13,75.12,75.5,1870200
77.36,2019-10-11,78.4,77.1,77.5,1659600
77.34,2019-10-14,77.55,76.71,77.17,568700
79.84,2019-10-15,79.88,77.56,77.7,1307300
79.07,2019-10-16,79.98,78.869,79.59,986700
78.96,2019-10-17,80.7,78.81,80.08,1225500
77.59,2019-10-18,78.81,76.975,78.76,835500
78.75,2019-10-21,79.07,78.16,78.29,892300
78.33,2019-10-22,79.53,78.3,79.09,741900
78.68,2019-10-23,79.3,77.19,77.65,758800
79.41,2019-10-24,79.8,78.46,79.8,675600
79.02,2019-10-25,79.65,78.8,79.45,729500
80.32,2019-10-28,80.51,79.4,79.59,813400
79.85,2019-10-29,80.9,79.61,80.19,703500
79.85,2019-10-30,80.44,79.41,80.3,1293200
80.86,2019-10-31,81.3,78.79,79.97,2917200
97.22,2019-11-01,97.34,91.31,91.88,8885300
101.51,2019-11-04,101.929,97.06,98.32,4365900
101.3,2019-11-05,101.85,100.002,100.15,3134100
101.4,2019-11-06,102.31,100.22,100.76,3153300
101.31,2019-11-07,102.88,100.88,102.0,2482500
104.04,2019-11-08,104.22,101.75,102.0,2867000
102.29,2019-11-11,104.0,101.93,103.42,2181500
102.58,2019-11-12,102.72,101.83,102.5,1938600
103.89,2019-11-13,104.09,99.46,100.64,2141400
103.7,2019-11-14,104.19,102.89,103.56,1080200
103.75,2019-11-15,104.88,103.23,104.4,941500
103.25,2019-11-18,104.145,102.58,103.62,1241100
102.84,2019-11-19,103.888,102.34,103.63,1198800
101.89,2019-11-20,103.94,101.73,102.7,1329600
100.9,2019-11-21,102.32,100.72,102.01,1311800
101.72,2019-11-22,102.23,101.04,101.34,1137900
104.31,2019-11-25,104.67,101.86,101.86,948700
104.11,2019-11-26,104.56,103.45,104.17,1313600
105.03,2019-11-27,106.375,104.0,104.4,1235400
104.21,2019-11-29,105.85,104.0,104.18,710500
102.97,2019-12-02,104.5,102.535,104.06,1435000
102.14,2019-12-03,102.3,100.32,101.19,1872200
104.03,2019-12-04,104.32,102.78,102.86,1377300
105.8,2019-12-05,106.0,104.25,104.47,1118200
106.62,2019-12-06,107.57,106.435,106.55,1489700
108.44,2019-12-09,111.345,108.4,109.85,2193200
109.86,2019-12-10,110.51,108.28,109.07,1572800
113.84,2019-12-11,114.53,110.99,111.19,2613300
115.35,2019-12-12,115.65,112.54,112.79,2155500
113.41,2019-12-13,115.96,113.1,115.3,1790000
115.0,2019-12-16,116.81,114.76,114.76,2076900
114.35,2019-12-17,115.95,114.29,115.64,2004900
115.29,2019-12-18,115.81,113.83,114.47,1947500
117.28,2019-12-19,118.18,114.44,115.27,1923300
116.67,2019-12-20,118.355,116.27,118.3,2608400
116.94,2019-12-23,117.76,116.44,117.09,968200
117.96,2019-12-24,118.04,116.42,117.24,488500
117.6,2019-12-26,117.95,116.94,117.89,530500
116.84,2019-12-27,118.49,116.53,118.1,724900
116.21,2019-12-30,116.89,115.671,116.82,682000
116.23,2019-12-31,116.71,115.25,115.67,745800
115.96,2020-01-02,117.4,114.76,117.26,1870600
112.34,2020-01-03,115.24,112.06,114.06,2695100
111.64,2020-01-06,112.98,109.4,110.83,3186200
111.23,2020-01-07,112.75,110.73,111.28,1673100
112.92,2020-01-08,113.77,111.42,111.54,1735300
111.96,2020-01-09,114.0,110.79,113.93,1676200
113.42,2020-01-10,115.85,113.0,113.5,2412400
115.74,2020-01-13,117.499,113.86,113.86,1879400
115.91,2020-01-14,116.57,114.12,115.83,1518000
112.5,2020-01-15,115.41,112.06,115.36,1637400
113.8,2020-01-16,114.2,112.82,113.42,1443500
114.74,2020-01-17,115.57,113.59,114.59,1376300
114.87,2020-01-21,115.75,113.92,113.97,1001500
116.33,2020-01-22,118.23,115.55,115.71,1281700
118.68,2020-01-23,118.78,115.65,116.47,2014400
113.39,2020-01-24,117.395,112.28,115.88,2412000
109.98,2020-01-27,111.68,108.53,111.1,1739400
113.56,2020-01-28,114.07,110.235,110.92,1704500
112.57,2020-01-29,114.7,111.43,114.03,2187300
111.79,2020-01-30,122.365,109.37,121.61,5783200
105.86,2020-01-31,111.08,105.12,110.78,3557600
107.56,2020-02-03,108.42,105.93,106.16,1939800
107.89,2020-02-04,110.5,107.61,110.05,1961100
111.32,2020-02-05,111.35,108.72,109.6,1773900
109.77,2020-02-06,111.77,109.27,111.4,1802800
105.15,2020-02-07,108.51,104.86,108.26,2422400
105.35,2020-02-10,105.36,102.88,103.75,1867800
108.59,2020-02-11,110.05,106.45,106.45,1625300
111.73,2020-02-12,112.27,109.225,110.0,1584300
109.17,2020-02-13,111.36,108.62,110.15,1649300
106.02,2020-02-14,110.36,105.235,109.96,1660900
103.23,2020-02-18,104.86,102.51,103.69,2146500
104.24,2020-02-19,106.38,103.6,103.72,1718000
101.56,2020-02-20,104.0,99.52,103.93,2961500
98.19,2020-02-21,101.2,97.75,100.8,1834200
96.34,2020-02-24,97.48,93.31,93.57,2598800
96.6,2020-02-25,97.77,95.44,96.93,2817200
96.13,2020-02-26,98.54,95.81,96.83,1667000
94.8,2020-02-27,97.2,93.1,93.24,3170600
100.58,2020-02-28,100.89,91.18,91.81,4200200
100.44,2020-03-02,101.78,96.36,101.09,2626200
98.3,2020-03-03,104.93,97.26,103.0,3038300
102.38,2020-03-04,102.78,99.92,100.2,2502400
97.3,2020-03-05,100.75,96.57,99.96,2131700
94.36,2020-03-06,95.92,92.33,94.52,1800500
89.95,2020-03-09,91.93,87.04,87.69,2194100
96.0,2020-03-10,96.13,90.43,92.47,2774000
89.27,2020-03-11,95.88,88.66,93.95,2605000
76.82,2020-03-12,85.77,76.77,83.12,3090300
83.8,2020-03-13,85.66,77.37,82.4,2306200
70.7,2020-03-16,78.19,70.7,72.9,2589000
79.88,2020-03-17,80.78,70.83,72.38,2899400
73.02,2020-03-18,78.11,70.29,73.47,2306800
73.85,2020-03-19,75.59,70.0,72.26,1762700
70.85,2020-03-20,78.53,70.65,75.37,1744900
69.36,2020-03-23,72.93,67.54,71.24,1658000
78.79,2020-03-24,79.01,71.34,73.41,2202300
77.74,2020-03-25,82.365,75.92,79.03,1673700
83.49,2020-03-26,83.8,76.89,79.39,1408100
80.69,2020-03-27,83.94,78.815,80.46,1650100
81.48,2020-03-30,82.65,79.61,81.29,1267200
80.63,2020-03-31,85.057,80.13,81.5,2335900
74.58,2020-04-01,79.2,73.633,77.84,1693300
76.66,2020-04-02,76.97,73.33,73.98,1822000
73.44,2020-04-03,76.64,72.93,76.28,1530600
82.61,2020-04-06,82.97,75.41,77.05,3415600
81.85,2020-04-07,86.27,81.48,86.04,1750700
87.02,2020-04-08,88.09,81.57,82.59,1911900
83.11,2020-04-09,88.56,82.02,88.26,2357000
84.73,2020-04-13,85.26,81.67,82.88,1333700
89.83,2020-04-14,90.1,85.55,87.02,2415200
84.56,2020-04-15,87.63,83.91,87.48,1761400
86.82,2020-04-16,87.25,84.64,85.74,1634200
86.27,2020-04-17,89.46,84.97,89.15,1334400
84.77,2020-04-20,86.14,84.04,85.0,1683900
81.18,2020-04-21,84.66,80.8,84.66,1747400
86.58,2020-04-22,86.94,82.32,84.0,1565500
85.95,2020-04-23,87.52,85.525,86.58,957000
89.89,2020-04-24,89.97,85.63,86.61,1303200
91.28,2020-04-27,92.345,90.255,90.93,1691300
93.14,2020-04-28,95.442,92.342,92.69,1807500
99.39,2020-04-29,99.66,95.057,96.28,1473900
98.03,2020-04-30,99.5,96.64,98.18,2463000
93.15,2020-05-01,96.66,92.725,95.48,2200100
94.14,2020-05-04,94.4,91.75,93.0,1414100
97.71,2020-05-05,99.49,96.24,96.27,1886700
98.3,2020-05-06,101.605,97.51,99.191,2158700
100.82,2020-05-07,103.258,99.27,101.14,2844700
103.0,2020-05-08,108.78,101.033,107.92,2888600
101.9,2020-05-11,104.2,100.57,101.74,1950600
100.67,2020-05-12,105.38,100.65,102.75,1707600
97.33,2020-05-13,101.12,95.84,100.95,1972900
98.81,2020-05-14,98.86,93.624,95.84,1241000
94.71,2020-05-15,96.45,93.31,94.03,1676600
99.04,2020-05-18,99.555,96.74,97.708,1428200
98.33,2020-05-19,101.08,98.22,98.74,1238700
103.33,2020-05-20,103.4,99.77,100.1,1720900
98.97,2020-05-21,104.47,98.8,103.12,1607300
101.54,2020-05-22,101.59,98.07,99.75,1122500
103.21,2020-05-26,104.89,102.92,104.53,1428400
105.68,2020-05-27,105.85,101.27,103.83,1401300
100.77,2020-05-28,105.395,100.11,104.85,1333800
104.74,2020-05-29,105.34,101.15,101.5,1774900
104.58,2020-06-01,106.14,103.794,104.74,898500
109.68,2020-06-02,109.81,104.687,106.0,2131300
112.99,2020-06-03,115.2,110.7,110.75,2416000
113.4,2020-06-04,114.275,112.27,112.82,1525300
115.67,2020-06-05,118.16,114.93,116.45,1709900
117.56,2020-06-08,118.94,115.23,116.08,1381600
115.53,2020-06-09,116.43,113.73,115.86,1126400
114.87,2020-06-10,117.17,114.06,116.98,1131000
107.39,2020-06-11,112.41,106.94,110.71,1753800
108.9,2020-06-12,111.69,106.63,110.8,1094100
109.72,2020-06-15,110.195,105.61,106.56,1245100
112.58,2020-06-16,116.21,111.1,114.77,1726600
112.64,2020-06-17,114.54,112.39,113.75,1074900
111.25,2020-06-18,113.03,110.62,112.5,1017400
111.8,2020-06-19,113.88,110.56,113.0,1963600
112.25,2020-06-22,112.809,109.905,111.71,965800
111.92,2020-06-23,113.82,111.84,113.5,940700
108.52,2020-06-24,112.085,107.5,110.35,1089900
108.97,2020-06-25,109.13,106.52,108.63,799100
107.37,2020-06-26,109.38,106.69,109.04,1181100
107.43,2020-06-29,107.7,104.57,107.24,1215300
110.53,2020-06-30,111.03,107.18,107.92,1213800
108.26,2020-07-01,110.69,108.06,110.39,790800
110.3,2020-07-02,111.55,109.15,109.15,897500
113.63,2020-07-06,114.3,112.85,113.24,1159900
113.02,2020-07-07,115.49,112.83,113.8,723600
113.03,2020-07-08,114.21,111.3,113.89,883800
113.11,2020-07-09,113.59,110.47,113.0,1213600
112.01,2020-07-10,113.58,111.11,113.27,603500
110.89,2020-07-13,116.37,110.68,113.119,1459800
112.62,2020-07-14,112.87,107.69,110.45,932000
112.84,2020-07-15,113.55,111.05,113.3,716100
111.68,2020-07-16,112.5,110.28,111.93,1096800
113.98,2020-07-17,114.57,112.33,112.76,1015900
116.39,2020-07-20,116.85,113.085,114.31,932600
116.74,2020-07-21,118.38,115.811,117.56,1100800
118.43,2020-07-22,118.61,116.129,117.2,1126700
118.15,2020-07-23,121.54,117.69,118.86,2047700
111.92,2020-07-24,117.49,111.31,117.33,2527900
115.15,2020-07-27,115.87,113.0,113.91,1494900
113.39,2020-07-28,114.88,112.65,113.64,992900
115.28,2020-07-29,116.01,113.72,114.55,2677800
128.67,2020-07-30,129.92,121.11,121.11,5256800
128.15,2020-07-31,130.86,124.89,130.0,2096300
133.325,2020-08-03,134.4,129.02,129.02,2254000
131.25,2020-08-04,132.99,129.31,132.44,1303600
133.62,2020-08-05,133.63,130.5,131.3,1252400
135.23,2020-08-06,136.058,133.03,133.03,1235100
130.97,2020-08-07,135.75,128.39,135.4,1238300
129.47,2020-08-10,131.16,127.18,130.59,1176600
127.62,2020-08-11,130.54,127.16,129.46,1190300
131.43,2020-08-12,131.83,128.21,128.89,953600
132.0,2020-08-13,133.06,130.145,132.03,999400
131.68,2020-08-14,133.24,131.51,133.0,716900
133.81,2020-08-17,135.3,131.31,131.4,1781600
132.61,2020-08-18,135.145,131.17,134.59,996400
132.46,2020-08-19,134.41,132.13,132.32,791700
130.72,2020-08-20,132.344,130.51,130.63,833900
130.67,2020-08-21,131.05,129.45,131.0,948100
131.94,2020-08-24,132.78,130.81,132.15,736100
131.97,2020-08-25,133.13,130.44,132.59,1007300
131.51,2020-08-26,132.74,131.08,131.9,709700
127.14,2020-08-27,131.68,126.37,131.47,1389700
129.3,2020-08-28,129.52,127.172,127.99,689400
128.27,2020-08-31,129.39,127.41,128.64,875400
131.48,2020-09-01,131.79,128.275,129.07,891100
134.67,2020-09-02,135.89,131.25,132.67,1251800
121.44,2020-09-03,132.28,120.98,131.81,2367900
118.89,2020-09-04,122.64,114.61,120.5,2304300
114.11,2020-09-08,117.67,112.03,114.21,1709900
122.71,2020-09-09,125.78,121.145,123.96,3374400
121.46,2020-09-10,126.46,120.5,124.05,1842600
122.96,2020-09-11,124.41,120.73,123.59,1114200
122.84,2020-09-14,125.745,122.06,125.24,1098100
129.99,2020-09-15,130.555,125.11,125.77,1751400
128.83,2020-09-16,131.81,128.735,131.0,1125100
130.3,2020-09-17,131.19,125.16,125.2,1291300
128.02,2020-09-18,131.24,126.28,130.81,1609300
127.55,2020-09-21,128.62,124.37,126.69,1544800
131.21,2020-09-22,131.41,125.58,128.83,1149200
125.77,2020-09-23,130.9,125.4,130.259,964900
124.99,2020-09-24,128.39,124.36,125.26,1044900
125.63,2020-09-25,126.33,123.08,124.93,993800
128.43,2020-09-28,128.72,126.58,128.04,1156000
130.77,2020-09-29,132.62,128.14,128.24,1109200
129.01,2020-09-30,131.27,128.02,130.53,1349600
135.09,2020-10-01,135.21,131.367,132.085,1627400
130.57,2020-10-02,133.48,130.51,131.5,868000
135.3,2020-10-05,135.38,132.35,132.37,1012500
131.08,2020-10-06,135.63,130.488,135.41,1484100
134.64,2020-10-07,135.13,133.505,133.85,1168600
135.41,2020-10-08,137.34,134.3,136.1,1149900
137.87,2020-10-09,140.69,136.14,137.98,1296600
137.76,2020-10-12,139.995,136.769,139.4,966100
135.17,2020-10-13,138.85,134.26,138.0,1095100
135.15,2020-10-14,136.34,133.97,134.98,965600
135.96,2020-10-15,136.24,131.11,132.41,944500
134.76,2020-10-16,136.99,134.56,136.95,627600
134.54,2020-10-19,138.67,134.0,136.5,1019300
135.65,2020-10-20,136.35,134.36,135.62,742700
135.26,2020-10-21,137.65,135.2,135.8,799600
135.0,2020-10-22,136.4,132.76,135.42,599800
135.7,2020-10-23,136.25,134.2,135.13,729900
134.45,2020-10-26,138.18,132.78,135.49,1115600
131.28,2020-10-27,134.72,131.18,134.12,527200
124.96,2020-10-28,129.275,124.56,129.2,1041900
129.71,2020-10-29,130.87,125.02,125.39,846800
127.36,2020-10-30,128.43,125.5,127.16,882600
127.94,2020-11-02,130.5,126.52,129.89,814200
128.46,2020-11-03,130.77,127.99,129.45,1323600
133.74,2020-11-04,134.27,128.63,130.64,1793500
146.69,2020-11-05,152.37,138.0,139.0,2966200
147.27,2020-11-06,148.0,143.02,147.32,1413300
149.48,2020-11-09,154.43,147.62,154.43,1809300
140.93,2020-11-10,148.32,140.68,146.4,1703300
148.25,2020-11-11,148.763,143.0,143.58,1188700
146.67,2020-11-12,149.93,145.43,148.6,746400
147.63,2020-11-13,150.59,146.66,147.68,657200
150.38,2020-11-16,150.9,147.765,147.84,786700
148.44,2020-11-17,151.21,147.38,150.29,769800
144.37,2020-11-18,149.33,144.28,147.33,1020600
146.86,2020-11-19,147.05,141.8,143.64,956700
147.39,2020-11-20,150.0,146.411,147.89,957600
149.2,2020-11-23,149.75,145.41,149.53,1254600
151.75,2020-11-24,152.6,146.875,150.46,1155300
148.24,2020-11-25,151.63,146.38,150.7,1415700
150.11,2020-11-27,151.06,148.86,150.22,756300
156.68,2020-11-30,157.0,151.52,152.15,2227100
159.78,2020-12-01,161.38,156.78,158.8,1514700
159.55,2020-12-02,161.13,158.139,159.59,689900
159.13,2020-12-03,162.0,158.85,160.67,707800
165.35,2020-12-04,165.53,159.54,160.0,1322400
166.94,2020-12-07,167.2,163.86,166.47,829000
169.96,2020-12-08,170.901,167.313,168.87,1093700
160.38,2020-12-09,168.975,159.52,167.7,1551600
158.33,2020-12-10,160.33,157.52,159.46,1259700
152.64,2020-12-11,156.839,151.44,156.77,2165400
154.51,2020-12-14,155.385,152.35,153.49,1278100
158.48,2020-12-15,162.5,158.02,159.45,1240100
159.0,2020-12-16,159.49,155.79,157.88,937500
159.6,2020-12-17,160.81,157.41,160.39,1593700
162.66,2020-12-18,163.585,158.03,159.77,2216000
161.11,2020-12-21,161.83,158.0,159.835,1607500
163.26,2020-12-22,164.78,162.095,163.0,1093400
165.1,2020-12-23,169.106,165.03,166.17,1572000
167.11,2020-12-24,167.53,165.13,166.04,462300
166.44,2020-12-28,170.5,166.01,170.03,958100
163.77,2020-12-29,167.43,162.587,166.98,936100
167.37,2020-12-30,167.43,164.55,164.55,670100
166.27,2020-12-31,168.87,165.62,168.87,834200
164.59,2021-01-04,170.53,162.114,167.3,1249700
169.25,2021-01-05,169.39,163.1,164.4,1150100
172.0,2021-01-06,174.27,166.11,166.77,1273200
178.57,2021-01-07,179.17,174.65,174.7,1064500
179.4,2021-01-08,182.0,177.48,180.78,791600
182.76,2021-01-11,184.47,177.76,178.42,1029300
182.32,2021-01-12,186.14,181.65,183.84,817400
180.07,2021-01-13,182.69,178.2,182.11,887700
183.94,2021-01-14,185.43,180.545,180.92,844400
177.29,2021-01-15,184.35,176.34,184.33,1457600
185.67,2021-01-19,186.15,179.56,179.56,884000
186.03,2021-01-20,191.825,185.64,188.48,738400
184.12,2021-01-21,188.86,181.88,188.42,1019000
180.66,2021-01-22,184.14,180.22,182.77,787500
180.92,2021-01-25,184.05,179.05,183.29,841200
174.94,2021-01-26,181.35,174.78,180.33,1021500
165.64,2021-01-27,172.0,163.02,172.0,1584000
169.8,2021-01-28,172.33,166.9,168.4,1563200
170.88,2021-01-29,182.43,170.74,182.02,2833100
183.3,2021-02-01,184.08,174.23,174.36,2154100
179.33,2021-02-02,186.24,176.068,185.2,2093600
175.95,2021-02-03,182.55,174.34,182.05,3003200
167.69,2021-02-04,170.67,163.25,166.0,5452100
167.14,2021-02-05,168.5,165.56,168.5,2090900
170.76,2021-02-08,171.23,167.25,169.16,1654900
168.85,2021-02-09,172.198,168.41,169.9,1422300
168.17,2021-02-10,170.5,164.884,169.44,2084200
174.65,2021-02-11,174.69,168.81,169.9,1669300
176.0,2021-02-12,176.21,171.38,173.1,1422900
177.03,2021-02-16,180.74,176.63,178.19,1403300
174.61,2021-02-17,176.48,170.94,175.85,1110800
171.13,2021-02-18,173.66,170.43,172.36,1102200
179.39,2021-02-19,180.23,173.575,174.48,1783100
172.28,2021-02-22,179.8,171.36,176.705,1387200
172.22,2021-02-23,173.5,164.27,169.0,1853700
179.15,2021-02-24,179.31,170.11,170.34,1121200
168.95,2021-02-25,177.35,167.69,175.815,1742100
174.73,2021-02-26,176.39,168.5,170.93,1419500
182.31,2021-03-01,182.48,174.96,177.96,1413900
177.45,2021-03-02,182.75,177.33,182.35,1387400
171.66,2021-03-03,178.73,171.49,176.62,1114200
165.34,2021-03-04,173.26,161.56,171.42,1825700
171.42,2021-03-05,171.85,160.06,168.43,1612100
162.9,2021-03-08,172.807,162.61,171.2,1278600
170.9,2021-03-09,172.65,165.534,166.23,1597400
165.37,2021-03-10,172.64,165.21,170.85,1394900
174.95,2021-03-11,177.16,172.26,173.44,1633500
172.59,2021-03-12,173.1,169.13,171.5,802700
178.29,2021-03-15,178.39,171.5,173.47,1038400
180.54,2021-03-16,185.86,178.56,180.99,1354200
184.54,2021-03-17,185.7,176.5,177.42,1100900
176.08,2021-03-18,182.12,175.94,180.5,1040400
179.85,2021-03-19,180.4,173.65,176.48,1449900
183.28,2021-03-22,185.29,179.85,182.58,897500
176.37,2021-03-23,184.345,175.09,183.7,1023500
171.79,2021-03-24,179.523,171.63,179.523,889500
172.26,2021-03-25,173.16,166.75,169.87,796600
182.5,2021-03-26,182.71,170.69,171.59,1008800
178.89,2021-03-29,181.22,176.77,180.75,738300
177.63,2021-03-30,178.945,175.77,177.63,761400
182.7,2021-03-31,185.5,179.36,179.88,1109200
192.9,2021-04-01,194.28,185.491,185.491,1991100
198.32,2021-04-05,199.94,194.47,198.24,1361900
194.98,2021-04-06,198.41,192.51,197.32,1155900
193.69,2021-04-07,195.83,192.63,194.51,854300
193.52,2021-04-08,197.02,192.61,196.22,1101200
191.86,2021-04-09,192.3,188.3,192.3,934600
192.56,2021-04-12,192.76,189.079,191.51,571500
192.42,2021-04-13,195.19,189.208,194.4,821000
189.85,2021-04-14,194.69,189.06,190.79,802500
192.84,2021-04-15,193.59,190.57,192.4,724700
192.27,2021-04-16,195.79,191.71,192.98,1255200
188.44,2021-04-19,193.16,186.47,190.62,673300
183.95,2021-04-20,188.55,183.14,187.04,839000
189.21,2021-04-21,189.3,180.73,183.2,1166100
187.05,2021-04-22,191.7,185.86,190.814,896100
193.92,2021-04-23,195.2,189.06,189.4,872800
198.97,2021-04-26,199.88,193.5,194.44,760000
198.38,2021-04-27,201.5,197.06,200.36,617300
197.05,2021-04-28,198.77,195.31,197.738,697000
199.54,2021-04-29,201.68,195.01,200.76,866500
188.17,2021-04-30,194.285,187.32,194.0,1355800
184.54,2021-05-03,190.062,183.04,190.062,1166800
182.41,2021-05-04,183.72,177.285,182.97,1374500
182.56,2021-05-05,186.9,180.115,183.28,1527000
184.69,2021-05-06,188.32,180.19,183.5,1923400
184.18,2021-05-07,186.69,181.91,186.47,1620200
171.47,2021-05-10,180.39,166.73,179.74,4378800
172.01,2021-05-11,172.18,164.1,164.694,2331800
165.35,2021-05-12,170.9,164.62,168.93,1547800
166.85,2021-05-13,170.295,165.15,167.298,1286500
171.01,2021-05-14,172.89,167.28,169.15,1298800
171.08,2021-05-17,171.42,167.45,168.78,1253700
170.07,2021-05-18,173.28,170.0,172.75,737600
174.15,2021-05-19,174.43,165.19,165.75,1001900
177.72,2021-05-20,178.748,174.57,174.64,1030400
176.56,2021-05-21,179.87,175.39,178.93,1050400
178.63,2021-05-24,180.35,176.56,176.94,826300
180.62,2021-05-25,182.85,179.46,180.74,1038800
179.47,2021-05-26,182.97,177.74,180.19,1133800
185.14,2021-05-27,185.35,176.56,178.16,2070900
182.72,2021-05-28,185.5,182.35,185.28,965200
182.98,2021-06-01,187.38,181.69,185.45,825500
185.31,2021-06-02,185.58,182.12,182.92,757600
180.97,2021-06-03,183.65,180.58,182.09,1159400
184.76,2021-06-04,186.314,182.42,182.67,1061100
183.86,2021-06-07,184.21,182.34,183.25,798800
184.27,2021-06-08,187.06,182.0,185.55,957400
181.55,2021-06-09,185.18,181.49,184.72,737400
182.91,2021-06-10,184.08,180.8,182.39,589500
183.31,2021-06-11,183.75,182.25,183.25,525300
184.94,2021-06-14,185.85,182.32,183.91,636600
181.91,2021-06-15,186.26,181.58,184.0,651900
181.71,2021-06-16,184.09,180.015,182.32,997800
181.33,2021-06-17,183.5,178.96,181.12,784800
174.19,2021-06-18,180.165,173.16,179.45,2088700
176.24,2021-06-21,178.98,174.21,174.43,781500
176.26,2021-06-22,178.125,174.96,175.8,929000
177.88,2021-06-23,179.41,176.63,177.0,669800
182.89,2021-06-24,184.37,179.58,179.58,896100
183.35,2021-06-25,186.59,182.81,184.47,1055900
187.33,2021-06-28,189.31,184.19,184.75,862200
195.66,2021-06-29,198.95,187.922,188.96,2063000
195.65,2021-06-30,195.996,193.33,195.58,902100
193.18,2021-07-01,196.39,192.29,196.39,887100
195.67,2021-07-02,197.32,193.34,195.0,724100
194.3,2021-07-06,197.066,192.44,195.81,911200
192.0,2021-07-07,196.0,188.785,196.0,848900
189.44,2021-07-08,191.45,185.33,187.03,838000
192.94,2021-07-09,193.34,187.85,190.0,814400
193.62,2021-07-12,194.196,191.69,193.23,870900
192.79,2021-07-13,193.65,190.73,193.525,678600
192.42,2021-07-14,199.56,192.18,197.14,895900
190.95,2021-07-15,193.465,189.17,193.21,598100
187.68,2021-07-16,193.14,187.5,191.26,952400
187.13,2021-07-19,187.22,182.5,185.0,734000
189.7,2021-07-20,191.09,185.63,187.07,631000
194.07,2021-07-21,194.115,190.0,190.0,742000
191.41,2021-07-22,193.35,190.151,193.23,619400
193.09,2021-07-23,193.62,190.41,192.43,354600
192.0,2021-07-26,193.73,190.92,192.78,628400
187.15,2021-07-27,191.33,183.195,191.33,966900
190.34,2021-07-28,191.295,187.27,188.18,683300
194.04,2021-07-29,195.2,190.5,190.92,714800
189.59,2021-07-30,191.05,186.74,189.51,1184900
192.36,2021-08-02,195.31,191.01,191.3,964700
195.18,2021-08-03,195.32,189.313,193.0,680800
193.88,2021-08-04,197.24,193.33,195.44,1320600
194.76,2021-08-05,201.46,193.36,197.5,1465400
195.02,2021-08-06,198.0,194.03,194.45,701800
193.62,2021-08-09,194.95,191.045,194.33,663700
190.81,2021-08-10,194.43,190.33,193.6,661800
189.73,2021-08-11,192.0,187.3,191.2,866000
188.13,2021-08-12,189.62,186.33,189.62,654900
188.36,2021-08-13,188.73,186.71,188.0,490700
187.57,2021-08-16,188.25,185.62,186.72,550600
183.46,2021-08-17,186.12,181.64,185.76,806100
179.82,2021-08-18,183.4,179.54,181.8,696100
180.13,2021-08-19,181.97,177.6,178.3,954100
181.56,2021-08-20,182.69,180.105,180.39,607000
184.23,2021-08-23,184.71,180.81,182.97,775700
184.8,2021-08-24,186.115,183.5,185.97,654900
185.62,2021-08-25,187.07,184.7,185.25,520300
185.87,2021-08-26,186.85,184.5,185.62,503500
190.73,2021-08-27,191.41,185.93,186.28,736100
190.83,2021-08-30,192.92,190.01,191.72,638700
188.03,2021-08-31,190.2,187.25,190.0,842800
186.06,2021-09-01,190.06,185.95,190.06,758800
185.9,2021-09-02,187.69,185.14,186.72,696600
185.36,2021-09-03,188.03,185.28,185.9,947700
182.68,2021-09-07,185.795,181.59,185.16,942900
178.76,2021-09-08,182.05,176.29,182.05,1246900
178.96,2021-09-09,181.09,178.365,178.77,660400
179.3,2021-09-10,182.06,179.08,180.3,983900
182.37,2021-09-13,182.42,178.77,179.88,950200
182.13,2021-09-14,183.55,179.73,183.47,751300
179.91,2021-09-15,182.37,179.34,182.26,881500
180.31,2021-09-16,181.33,177.57,178.63,696600
175.3,2021-09-17,178.8,172.52,178.07,1891000
170.08,2021-09-20,171.8,167.89,171.42,1370500
171.17,2021-09-21,172.57,168.6,171.03,1000700
173.33,2021-09-22,174.0,171.96,172.41,823100
174.12,2021-09-23,175.89,173.63,174.21,676000
174.05,2021-09-24,176.37,172.65,173.14,637600
175.68,2021-09-27,176.92,172.055,172.92,964000
171.42,2021-09-28,176.0,171.28,173.28,1216800
169.91,2021-09-29,173.44,169.81,172.0,949000
167.19,2021-09-30,172.25,167.06,170.55,1059300
169.26,2021-10-01,170.32,165.26,168.54,1519400
163.99,2021-10-04,168.97,163.255,168.51,1264600
166.06,2021-10-05,167.22,163.83,165.11,1004600
164.84,2021-10-06,166.249,163.32,164.52,946900
165.33,2021-10-07,169.49,164.76,166.7,1438800
165.83,2021-10-08,166.99,165.15,166.57,643600
163.68,2021-10-11,167.03,163.6,165.15,500000
160.26,2021-10-12,165.43,159.63,165.2,1075100
160.05,2021-10-13,160.93,158.74,159.37,1360900
164.61,2021-10-14,164.84,162.16,162.5,905100
165.87,2021-10-15,167.49,165.4,166.1,574900
165.3,2021-10-18,165.617,163.54,164.67,730000
168.76,2021-10-19,169.8,165.71,165.83,999100
169.51,2021-10-20,170.14,165.91,166.05,1051700
170.26,2021-10-21,170.31,168.4,169.3,521600
168.01,2021-10-22,171.55,167.98,169.56,818800
167.32,2021-10-25,169.25,166.915,169.01,645200
165.28,2021-10-26,169.59,165.1,168.67,887900
165.27,2021-10-27,167.53,164.7,165.03,731200
168.93,2021-10-28,168.99,166.24,166.4,718400
168.23,2021-10-29,170.35,166.35,167.12,997800
172.07,2021-11-01,172.17,167.465,168.49,1134200
172.09,2021-11-02,173.31,170.36,172.0,1096600
178.12,2021-11-03,178.5,170.415,172.0,1844400
154.46,2021-11-04,159.9,152.25,159.747,6324500
156.07,2021-11-05,156.39,153.01,154.01,3033700
159.3,2021-11-08,161.94,156.725,156.75,2175300
157.64,2021-11-09,161.43,156.13,161.43,1501700
154.28,2021-11-10,158.01,153.35,156.6,1301200
157.68,2021-11-11,158.44,154.26,155.98,1135000
160.5,2021-11-12,161.76,157.68,158.29,1267400
158.91,2021-11-15,161.16,158.24,160.85,1254100
159.31,2021-11-16,160.07,156.3,158.76,1156600
157.94,2021-11-17,160.29,157.101,158.95,1453200
156.34,2021-11-18,159.29,155.0,159.13,1320900
155.19,2021-11-19,158.18,154.61,156.04,1075800
151.25,2021-11-22,156.58,151.14,155.98,1178000
152.59,2021-11-23,152.72,147.749,150.83,1508000
152.62,2021-11-24,152.7,147.45,151.27,1212200
148.11,2021-11-26,151.77,146.77,149.65,811800
150.84,2021-11-29,151.21,146.91,149.14,1134500
146.23,2021-11-30,150.6,145.39,149.77,2415400
146.1,2021-12-01,151.944,145.96,148.5,1447700
149.18,2021-12-02,150.36,142.17,143.62,1634400
149.91,2021-12-03,152.07,147.815,150.27,1564500
152.73,2021-12-06,153.798,147.8,150.65,1558700
161.51,2021-12-07,163.95,154.16,154.16,2157000
161.37,2021-12-08,162.57,158.0,160.57,1442600
159.56,2021-12-09,161.64,158.85,160.61,1012000
159.23,2021-12-10,163.789,156.435,161.46,1442600
154.99,2021-12-13,160.63,154.57,159.39,1361500
152.47,2021-12-14,155.46,152.2,153.66,1253500
152.88,2021-12-15,153.1,145.49,152.3,2050100
147.7,2021-12-16,153.78,143.885,153.6,2292700
147.68,2021-12-17,148.86,144.69,146.11,2705700
146.16,2021-12-20,146.66,144.15,146.0,864400
150.49,2021-12-21,150.55,147.925,148.5,1128500
151.41,2021-12-22,152.43,149.85,150.56,563800
152.07,2021-12-23,153.505,151.11,152.0,662400
155.42,2021-12-27,155.5,151.7,152.84,1015600
156.44,2021-12-28,157.415,153.63,155.51,1065900
156.91,2021-12-29,157.89,155.9,156.2,643800
156.06,2021-12-30,158.95,155.738,157.09,624300
156.39,2021-12-31,157.51,155.31,156.03,821300
159.43,2022-01-03,160.06,156.5,156.87,1099700
160.45,2022-01-04,163.12,156.79,160.37,1165100
157.24,2022-01-05,161.84,157.13,159.89,1419000
158.36,2022-01-06,161.28,157.43,158.42,990300
154.69,2022-01-07,159.63,154.5,158.96,927800
151.56,2022-01-10,154.1,148.45,153.77,1364600
151.72,2022-01-11,152.522,147.0,149.89,1556600
152.84,2022-01-12,154.61,151.15,153.25,759000
146.75,2022-01-13,153.75,146.36,151.95,1886800
148.73,2022-01-14,148.86,145.14,145.43,1093800
146.99,2022-01-18,148.77,143.8,146.0,1373300
141.69,2022-01-19,148.4,141.66,148.0,1148500
137.15,2022-01-20,143.43,137.07,142.65,1262700
134.31,2022-01-21,139.86,134.08,136.88,1389400
137.65,2022-01-24,137.73,129.47,130.56,1790800
133.45,2022-01-25,136.65,132.55,132.95,1858200
133.64,2022-01-26,139.98,131.545,136.18,1401500
127.72,2022-01-27,135.05,126.95,134.7,1375900
129.46,2022-01-28,129.5,123.92,128.48,1414200
137.28,2022-01-31,137.39,129.01,129.76,1527200
138.99,2022-02-01,139.18,135.31,137.83,1551900
143.55,2022-02-02,144.31,137.49,139.59,2812300
128.72,2022-02-03,139.7,128.47,133.67,3537400
131.45,2022-02-04,132.12,125.625,127.5,2030800
128.5,2022-02-07,133.2,128.2,131.86,2036400
131.56,2022-02-08,132.25,128.13,128.5,1249700
136.72,2022-02-09,138.07,131.68,133.27,1556200
133.74,2022-02-10,138.98,132.625,133.52,1878700
127.24,2022-02-11,134.755,126.35,133.97,2203700
129.31,2022-02-14,131.79,127.19,127.65,1318300
135.08,2022-02-15,135.58,131.6,131.78,1560800
136.8,2022-02-16,137.24,132.51,133.86,1195700
133.04,2022-02-17,136.46,133.03,134.62,1144100
133.2,2022-02-18,134.85,131.53,133.04,1364000
130.98,2022-02-22,134.75,128.33,132.51,1515600
130.15,2022-02-23,135.62,130.05,132.86,1391900
136.9,2022-02-24,137.0,125.0,125.35,2006200
137.76,2022-02-25,138.85,135.13,136.38,1166000
136.78,2022-02-28,139.35,134.201,136.09,1498800
132.61,2022-03-01,137.45,131.4,136.67,1065700
137.12,2022-03-02,138.335,133.05,133.15,1106600
131.75,2022-03-03,136.91,131.34,134.99,1442300
129.63,2022-03-04,131.9,127.24,130.57,1039500
123.68,2022-03-07,130.88,123.5,130.05,1458800
129.14,2022-03-08,133.51,122.88,124.05,1920600
129.36,2022-03-09,133.07,128.75,132.43,1105500
125.5,2022-03-10,128.43,123.34,127.07,1030300
123.63,2022-03-11,128.45,123.52,127.69,946800
118.61,2022-03-14,123.7,117.03,123.47,1747600
121.46,2022-03-15,122.03,117.66,118.96,1444200
127.17,2022-03-16,127.35,121.8,123.53,1167500
128.81,2022-03-17,128.88,124.79,125.83,789700
130.87,2022-03-18,130.92,126.69,127.51,1714800
128.93,2022-03-21,131.41,126.78,130.65,1110400
130.03,2022-03-22,131.4,128.06,128.2,1193100
125.66,2022-03-23,129.4,125.52,128.45,967700
130.7,2022-03-24,131.0,126.3,127.35,1148100
130.88,2022-03-25,131.86,128.987,131.36,942500
128.86,2022-03-28,129.0,124.4,126.37,1640900
131.89,2022-03-29,132.73,128.7,131.0,1074700
127.43,2022-03-30,132.01,126.95,130.52,1198200
124.1,2022-03-31,128.37,124.05,127.53,1092300
121.51,2022-04-01,125.04,118.49,123.87,1644100
123.49,2022-04-04,125.38,122.01,122.53,970200
117.94,2022-04-05,122.26,116.66,121.73,1695500
115.08,2022-04-06,117.055,114.15,115.68,1295700
114.31,2022-04-07,116.9,111.74,114.62,1239100
114.43,2022-04-08,116.08,112.56,113.98,1113900
114.88,2022-04-11,118.64,113.2,113.4,1827000
114.1,2022-04-12,118.94,113.77,117.59,1079100
116.11,2022-04-13,117.22,113.85,114.18,1052300
113.38,2022-04-14,116.78,113.33,116.78,841100
115.56,2022-04-18,115.88,112.12,112.12,916800
117.34,2022-04-19,117.66,115.16,115.43,740100
115.77,2022-04-20,119.466,115.63,118.73,628100
113.59,2022-04-21,119.3,113.05,117.89,1092300
111.69,2022-04-22,114.57,111.46,112.81,1018900
114.61,2022-04-25,114.67,109.84,110.99,900600
109.34,2022-04-26,113.1,109.24,112.82,1195700
110.27,2022-04-27,112.72,108.31,108.58,755200
117.08,2022-04-28,118.22,111.335,112.93,1496200
113.78,2022-04-29,118.455,113.66,115.77,1376400
119.56,2022-05-02,119.605,114.05,114.43,1281700
120.07,2022-05-03,121.27,117.95,118.63,1305700
119.34,2022-05-04,119.82,113.0,119.34,2847000
108.84,2022-05-05,113.93,106.91,113.25,3025700
107.12,2022-05-06,109.08,104.371,107.4,1666400
102.76,2022-05-09,107.836,102.44,105.17,1984900
105.25,2022-05-10,106.98,102.24,106.11,1435800
100.88,2022-05-11,106.825,100.66,104.25,1499600
101.16,2022-05-12,102.57,98.23,99.83,1535500
104.81,2022-05-13,106.04,102.5,102.92,1333800
102.52,2022-05-16,104.66,102.18,104.45,1411200
108.12,2022-05-17,108.65,104.33,104.33,1542900
104.64,2022-05-18,108.643,104.4,106.7,1676900
104.83,2022-05-19,108.15,103.655,104.01,1398000
108.61,2022-05-20,108.81,104.06,107.33,2229000
105.93,2022-05-23,109.93,105.27,107.93,1727100
102.16,2022-05-24,104.79,101.02,104.42,1488600
104.38,2022-05-25,105.06,101.22,101.5,1381900
108.48,2022-05-26,109.018,103.34,103.74,1531100
112.19,2022-05-27,112.31,109.66,109.88,1187000
111.75,2022-05-31,112.87,109.62,111.92,2020900
109.59,2022-06-01,113.17,107.589,112.12,1605900
113.36,2022-06-02,113.36,108.73,109.18,1175000
109.06,2022-06-03,111.16,108.64,111.16,1117000
109.83,2022-06-06,112.505,109.26,111.44,1109600
111.54,2022-06-07,112.215,108.2,108.86,1036500
109.38,2022-06-08,111.87,108.51,111.28,1106700
105.13,2022-06-09,109.406,104.97,108.12,963300
101.25,2022-06-10,104.13,100.85,102.93,1350200
94.01,2022-06-13,99.85,93.69,98.13,1800900
96.66,2022-06-14,97.04,94.115,94.89,1894800
98.52,2022-06-15,100.54,96.69,97.38,1410900
93.12,2022-06-16,95.38,91.91,95.26,2412600
95.13,2022-06-17,96.475,93.31,94.76,2194600
96.26,2022-06-21,98.1,95.72,96.61,1775200
95.25,2022-06-22,96.62,94.55,94.9,857300
94.98,2022-06-23,96.06,93.1,96.06,1144800
97.87,2022-06-24,98.84,96.13,96.69,1305600
99.8,2022-06-27,102.045,98.3,99.29,1728600
98.55,2022-06-28,101.86,98.11,100.02,1337500
95.81,2022-06-29,97.11,94.11,94.58,1474900
94.32,2022-06-30,96.49,92.87,94.67,1512700
92.47,2022-07-01,94.06,90.175,93.25,1251800
96.24,2022-07-05,96.31,90.16,91.09,1676400
97.94,2022-07-06,99.15,96.23,96.93,1170200
100.49,2022-07-07,101.395,99.72,99.85,1297600
99.41,2022-07-08,100.84,98.38,99.69,842200
96.75,2022-07-11,98.86,95.35,96.25,1400300
97.95,2022-07-12,99.65,97.16,97.49,868300
97.46,2022-07-13,98.405,95.49,95.61,1242400
98.39,2022-07-14,98.645,94.92,97.39,1515200
100.18,2022-07-15,100.22,97.711,99.28,1301500
97.9,2022-07-18,101.49,97.47,101.37,1192700
102.42,2022-07-19,102.66,98.9,99.51,1200200
105.57,2022-07-20,105.76,101.445,102.18,1539200
107.01,2022-07-21,107.21,104.83,105.89,1002700
104.34,2022-07-22,106.55,102.84,106.41,955500
103.83,2022-07-25,104.15,102.3,103.94,648000
99.79,2022-07-26,102.54,99.7,101.51,1269800
104.1,2022-07-27,104.7,101.34,101.87,1430600
103.84,2022-07-28,104.3,100.8,104.17,1435900
104.07,2022-07-29,104.47,102.5,104.27,1357600
102.84,2022-08-01,104.94,101.58,102.84,1516300
102.97,2022-08-02,104.07,101.55,102.32,927800
106.87,2022-08-03,107.34,103.263,103.69,1836800
108.61,2022-08-04,109.0,96.8,99.6,3391500
106.09,2022-08-05,110.54,105.007,106.82,1845800
106.43,2022-08-08,107.36,104.59,105.655,1290700
102.23,2022-08-09,105.23,100.03,104.32,2112800
109.01,2022-08-10,109.25,104.45,105.39,1734200
108.72,2022-08-11,112.33,108.16,110.0,1379600
111.07,2022-08-12,111.57,109.306,109.8,866900
108.92,2022-08-15,111.44,108.17,110.18,673800
107.91,2022-08-16,109.055,107.05,108.61,738500
105.42,2022-08-17,106.86,103.83,106.09,1005900
107.05,2022-08-18,108.16,104.55,105.21,872300
103.7,2022-08-19,106.86,103.35,106.0,967400
99.45,2022-08-22,101.98,98.98,101.7,972500
98.72,2022-08-23,101.37,98.55,99.61,770500
98.06,2022-08-24,98.8,97.385,98.54,679400
101.96,2022-08-25,102.02,98.08,98.08,857300
95.7,2022-08-26,102.8,95.67,102.38,1187900
93.8,2022-08-29,96.2,93.6,95.0,776100
91.75,2022-08-30,95.08,91.19,95.0,1236300
89.78,2022-08-31,92.14,89.07,92.03,1533500
90.08,2022-09-01,90.2,87.05,88.09,1554200
90.14,2022-09-02,92.56,89.53,92.0,1227400
88.8,2022-09-06,90.439,87.88,89.91,1003700
90.06,2022-09-07,90.69,88.46,89.16,988200
91.12,2022-09-08,91.54,88.68,90.185,1008000
93.53,2022-09-09,93.94,92.13,92.25,882800
93.41,2022-09-12,94.98,92.605,94.1,911200
86.22,2022-09-13,90.4,85.91,90.14,2243300
85.94,2022-09-14,87.05,84.88,86.51,1641900
85.43,2022-09-15,87.2,84.17,85.42,1671700
85.93,2022-09-16,86.8,83.901,84.9,2982100
87.19,2022-09-19,87.73,84.84,85.01,1147100
85.82,2022-09-20,86.83,84.61,86.29,1132000
84.47,2022-09-21,88.42,84.43,86.12,1056000
81.97,2022-09-22,84.24,81.15,84.12,1413700
82.32,2022-09-23,82.37,80.47,81.37,1906400
81.54,2022-09-26,83.72,81.03,81.82,1358100
82.26,2022-09-27,83.85,81.15,83.02,939400
82.67,2022-09-28,83.43,81.49,81.69,1209900
81.79,2022-09-29,82.63,80.39,81.32,1955700
79.41,2022-09-30,82.76,79.36,80.8,1875900
82.32,2022-10-03,82.98,79.49,80.41,1441900
86.07,2022-10-04,86.26,84.3,84.41,1552900
87.35,2022-10-05,88.03,84.5,84.81,1113200
85.46,2022-10-06,88.08,85.24,87.23,1245100
81.51,2022-10-07,83.805,81.06,83.3,1757300
81.96,2022-10-10,82.32,79.49,81.55,1642700
78.62,2022-10-11,80.52,77.9,79.64,1526900
78.34,2022-10-12,79.19,77.465,78.41,1198200
81.92,2022-10-13,84.19,75.38,75.95,1796600
79.64,2022-10-14,82.66,79.15,82.34,1341900
80.97,2022-10-17,82.57,80.03,81.76,1156900
81.29,2022-10-18,84.34,79.72,83.23,941200
81.78,2022-10-19,82.14,80.39,80.7,856600
82.12,2022-10-20,84.214,81.65,82.16,875500
85.49,2022-10-21,85.64,81.28,82.03,1036700
86.01,2022-10-24,86.669,83.72,83.82,1010300
86.04,2022-10-25,87.73,85.76,86.35,1339800
85.42,2022-10-26,87.23,84.31,84.79,998900
84.99,2022-10-27,87.01,84.62,86.18,1182400
88.46,2022-10-28,88.7,85.159,85.35,1200600
86.08,2022-10-31,88.01,85.515,87.9,1081800
86.51,2022-11-01,87.91,85.43,87.8,953400
84.48,2022-11-02,89.81,84.48,86.57,2295900
82.67,2022-11-03,84.87,79.751,80.0,2505300
86.85,2022-11-04,87.374,84.33,85.34,1968200
88.11,2022-11-07,88.54,85.96,87.56,1387000
88.14,2022-11-08,89.77,86.785,88.87,1603800
84.9,2022-11-09,87.06,84.78,86.88,1221800
94.68,2022-11-10,94.91,89.4,89.4,1953300
96.78,2022-11-11,97.39,93.16,94.05,1167500
94.41,2022-11-14,96.74,94.34,95.77,901000
98.75,2022-11-15,100.045,96.91,98.33,1275400
92.83,2022-11-16,97.51,92.13,97.51,2184400
97.7,2022-11-17,97.75,91.16,91.16,1697500
98.92,2022-11-18,99.593,97.45,98.98,1393600
94.83,2022-11-21,98.31,94.8,97.41,1072400
96.93,2022-11-22,96.97,94.12,95.6,913600
97.58,2022-11-23,98.88,96.56,96.82,604200
95.94,2022-11-25,97.7,95.93,97.3,371000
94.21,2022-11-28,96.255,93.74,94.7,936800
93.98,2022-11-29,95.94,93.63,95.49,927100
99.25,2022-11-30,99.3,93.18,94.5,1941400
97.25,2022-12-01,100.165,97.11,100.0,1267100
97.19,2022-12-02,97.28,94.72,95.08,690100
97.56,2022-12-05,98.72,96.3,96.48,878800
95.7,2022-12-06,97.68,94.78,97.56,1024000
95.42,2022-12-07,96.24,93.83,94.21,702300
98.78,2022-12-08,99.18,95.52,96.16,1001400
97.6,2022-12-09,99.24,97.09,97.7,1032000
99.2,2022-12-12,99.22,96.94,97.6,677400
102.2,2022-12-13,104.44,101.48,103.2,1666600
100.94,2022-12-14,102.97,99.58,101.23,1093600
96.85,2022-12-15,99.45,96.46,99.09,1414000
94.59,2022-12-16,96.68,93.31,96.16,3711900
93.02,2022-12-19,95.01,91.83,94.89,1052000
90.83,2022-12-20,93.02,90.69,91.45,1386100
93.17,2022-12-21,93.67,91.42,91.5,1155200
91.07,2022-12-22,91.35,88.21,91.15,1526900
90.5,2022-12-23,91.32,88.975,90.46,667500
89.53,2022-12-27,90.14,88.62,89.83,943800
87.79,2022-12-28,89.5,86.99,88.62,1237500
90.31,2022-12-29,91.24,88.63,88.99,977800
90.64,2022-12-30,90.72,87.876,88.7,859000
89.14,2023-01-03,92.65,89.03,92.59,1451500
91.0,2023-01-04,91.54,89.66,90.82,1168800
90.29,2023-01-05,91.855,89.56,90.2,1206800
93.35,2023-01-06,93.94,90.175,90.8,1162300
95.21,2023-01-09,97.24,94.7,95.0,1361400
96.18,2023-01-10,96.56,93.76,94.65,964700
99.05,2023-01-11,99.1,95.06,96.2,899600
99.66,2023-01-12,100.52,97.94,99.69,952200
100.4,2023-01-13,100.46,98.13,98.48,748000
101.27,2023-01-17,102.89,100.06,100.2,1526400
100.97,2023-01-18,104.72,100.93,102.28,1208600
98.79,2023-01-19,100.305,98.28,100.03,1297700
102.39,2023-01-20,102.48,98.66,100.16,1036900
109.43,2023-01-23,109.69,103.49,103.83,1844300
108.11,2023-01-24,110.37,107.53,108.24,1182900
110.11,2023-01-25,110.38,106.11,106.18,1177200
112.53,2023-01-26,112.76,110.61,111.41,1276100
111.61,2023-01-27,112.98,111.0,111.3,725200
107.69,2023-01-30,110.75,107.59,109.89,1485600
108.66,2023-01-31,108.72,106.63,106.73,1412200
113.53,2023-02-01,114.587,108.95,109.26,3167200
106.97,2023-02-02,110.41,102.6,110.41,3849100
106.88,2023-02-03,109.54,104.69,105.29,2582100
102.24,2023-02-06,106.31,102.01,105.26,1593900
108.56,2023-02-07,109.68,102.55,102.55,2481000
105.87,2023-02-08,108.57,105.69,107.34,1385200
105.95,2023-02-09,108.61,105.23,107.12,1137600
103.31,2023-02-10,105.75,102.62,105.3,1248600
105.42,2023-02-13,105.92,103.22,103.82,1440400
106.43,2023-02-14,106.91,103.65,104.68,930700
105.27,2023-02-15,105.36,103.33,105.26,967300
104.44,2023-02-16,106.045,103.87,104.02,978100
103.08,2023-02-17,104.345,102.308,104.04,972300
100.32,2023-02-21,103.21,100.195,101.84,1555500
100.21,2023-02-22,101.56,99.59,100.65,882400
103.08,2023-02-23,103.882,100.75,102.61,1441500
100.67,2023-02-24,101.45,99.76,101.16,1145100
100.03,2023-02-27,102.2,99.89,102.11,945600
100.89,2023-02-28,101.96,99.26,99.47,1267800
100.45,2023-03-01,102.87,99.98,101.09,1090700
101.24,2023-03-02,101.925,98.19,99.03,1011600
102.7,2023-03-03,103.03,100.0,101.47,1166200
100.75,2023-03-06,103.38,100.55,102.78,1736500
100.05,2023-03-07,101.08,98.8,100.63,1510000
101.33,2023-03-08,102.03,100.25,100.7,1075500
97.54,2023-03-09,102.085,97.38,100.83,1751300
95.33,2023-03-10,98.25,94.74,98.21,1199300
94.67,2023-03-13,96.87,93.13,94.11,1209700
96.28,2023-03-14,97.94,95.01,96.51,1364400
94.07,2023-03-15,95.1,92.38,94.44,1136100
97.15,2023-03-16,97.61,93.5,93.5,1926300
96.65,2023-03-17,97.92,95.91,97.65,1627900
99.21,2023-03-20,99.52,96.0,97.07,915300
100.92,2023-03-21,101.69,99.38,100.06,883100
99.47,2023-03-22,103.08,99.39,100.75,904300
102.48,2023-03-23,104.03,100.66,100.99,1202500
100.92,2023-03-24,102.48,100.13,101.8,1218800
98.52,2023-03-27,101.62,97.83,101.55,1057600
97.61,2023-03-28,98.2,96.1,97.95,1018400
100.19,2023-03-29,101.105,98.32,99.17,995500
100.88,2023-03-30,101.71,100.18,101.18,1003300
101.57,2023-03-31,101.79,99.97,100.3,941700
100.87,2023-04-03,101.34,99.2,100.6,980300
97.25,2023-04-04,101.345,96.465,101.01,888200
95.0,2023-04-05,96.5,94.56,96.5,1712000
94.73,2023-04-06,95.41,93.91,94.13,1987300
95.2,2023-04-10,95.76,93.58,94.05,1240900
95.1,2023-04-11,95.91,94.89,95.71,1136500
93.52,2023-04-12,95.88,93.25,95.77,873400
93.62,2023-04-13,94.26,92.785,93.54,746100
93.58,2023-04-14,94.5,92.49,93.09,885000
93.62,2023-04-17,93.84,92.29,92.75,808400
93.53,2023-04-18,95.0,92.8,94.28,928500
92.6,2023-04-19,93.16,91.51,92.58,880500
92.96,2023-04-20,94.14,91.53,91.53,977700
92.95,2023-04-21,93.04,91.29,92.2,1239300
92.01,2023-04-24,93.11,91.3,92.64,807900
89.69,2023-04-25,91.69,89.47,91.28,1072400
89.79,2023-04-26,90.61,88.875,90.34,1108300
90.33,2023-04-27,90.57,87.79,89.48,1576400
92.08,2023-04-28,92.39,90.55,91.03,1199700
92.84,2023-05-01,93.24,91.793,91.9,1176800
93.43,2023-05-02,93.86,91.99,93.0,1083700
93.62,2023-05-03,95.71,92.28,92.32,1933900
93.99,2023-05-04,102.78,92.372,102.27,3259100
92.91,2023-05-05,94.85,92.17,94.14,2137800
94.17,2023-05-08,94.46,92.0,92.29,1585700
93.14,2023-05-09,93.83,90.74,91.8,1733300
92.59,2023-05-10,94.515,91.6,94.33,1469900
90.56,2023-05-11,92.63,90.42,92.35,1319900
90.24,2023-05-12,91.09,89.22,90.65,1141100
93.02,2023-05-15,93.18,89.74,90.3,1258500
90.59,2023-05-16,93.48,90.49,92.85,887500
92.48,2023-05-17,92.825,90.25,90.73,1147100
95.02,2023-05-18,95.22,92.45,93.19,1043200
95.04,2023-05-19,95.26,93.91,95.0,1316200
96.12,2023-05-22,96.74,93.84,93.84,935100
94.12,2023-05-23,96.16,93.715,93.84,883400
93.75,2023-05-24,93.97,91.6,92.56,1109500
94.29,2023-05-25,94.69,91.28,93.32,1911900
100.04,2023-05-26,100.5,94.76,95.0,1678400
99.28,2023-05-30,102.54,98.99,102.37,1243700
97.26,2023-05-31,99.21,96.6,97.83,1437100
98.43,2023-06-01,99.61,95.69,98.0,1276100
98.04,2023-06-02,99.36,96.81,98.82,951000
95.9,2023-06-05,97.704,95.06,97.45,1164100
96.87,2023-06-06,98.65,95.23,95.23,878300
98.76,2023-06-07,100.419,97.185,97.5,916500
99.04,2023-06-08,99.89,98.3,99.72,801400
98.36,2023-06-09,100.71,97.9,100.5,731500
100.6,2023-06-12,100.72,98.22,98.61,732300
102.88,2023-06-13,103.43,101.69,102.17,1332600
103.6,2023-06-14,104.448,102.0,102.43,1210200
102.51,2023-06-15,103.29,101.31,101.88,992800
102.62,2023-06-16,104.15,102.12,104.14,3468700
102.86,2023-06-20,103.35,101.87,102.36,1121200
100.8,2023-06-21,102.42,100.25,102.33,987500
101.02,2023-06-22,101.22,99.49,100.29,1043600
97.32,2023-06-23,99.49,96.78,99.05,1622900
98.77,2023-06-26,100.35,97.74,97.75,1016900
102.03,2023-06-27,102.19,98.025,98.8,997400
100.66,2023-06-28,102.0,100.07,100.39,1018600
101.34,2023-06-29,101.57,99.79,101.3,755600
102.03,2023-06-30,102.39,101.17,102.06,1067600
103.12,2023-07-03,103.63,101.85,102.03,779900
97.59,2023-07-05,101.675,97.58,101.31,1572500
98.54,2023-07-06,98.65,96.06,96.1,1804400
100.23,2023-07-07,101.41,98.57,98.92,1200200
103.84,2023-07-10,103.97,100.23,100.69,1066500
104.08,2023-07-11,105.4,101.885,104.77,1064600
105.32,2023-07-12,105.7,104.22,105.46,1330400
106.87,2023-07-13,107.3,105.05,106.05,952200
104.87,2023-07-14,106.625,104.31,106.44,934900
107.38,2023-07-17,108.07,104.755,105.0,904700
106.77,2023-07-18,107.795,105.84,106.62,712900
105.84,2023-07-19,107.33,105.77,106.63,652100
104.79,2023-07-20,106.13,104.1,104.7,1275100
107.09,2023-07-21,108.48,105.54,106.05,1214800
106.75,2023-07-24,107.84,106.515,106.89,730700
107.13,2023-07-25,108.13,106.9,107.25,915000
106.97,2023-07-26,107.76,105.33,105.76,1112100
106.98,2023-07-27,110.14,106.49,108.86,1393000
109.49,2023-07-28,110.05,107.6,108.97,1391000
110.02,2023-07-31,111.22,109.65,109.65,892700
110.21,2023-08-01,110.87,108.71,108.97,931000
106.11,2023-08-02,109.35,105.93,108.38,1997600
105.84,2023-08-03,112.12,104.04,112.0,2709000
106.88,2023-08-04,108.23,105.44,105.58,1132600
106.72,2023-08-07,107.57,105.54,107.08,1086500
106.2,2023-08-08,106.59,103.76,105.25,1124000
105.1,2023-08-09,106.819,104.915,105.99,786000
104.36,2023-08-10,106.86,103.66,106.2,1060900
101.88,2023-08-11,102.96,101.12,102.95,1325300
103.19,2023-08-14,103.36,100.97,101.24,1126700
99.52,2023-08-15,102.2,99.36,102.02,1397200
97.22,2023-08-16,99.34,96.92,99.34,1472200
98.25,2023-08-17,98.78,96.74,97.22,1245000
98.96,2023-08-18,99.27,97.05,97.05,1115700
100.62,2023-08-21,101.2,99.02,99.08,863800
100.16,2023-08-22,102.0,100.04,101.37,723400
102.22,2023-08-23,102.635,99.7,99.98,989600
99.73,2023-08-24,103.13,99.63,103.0,1417200
101.53,2023-08-25,101.99,99.075,100.14,1040600
103.78,2023-08-28,104.02,101.93,102.0,939900
105.75,2023-08-29,106.275,103.2,103.2,1110000
106.46,2023-08-30,106.84,104.41,105.42,933400
107.39,2023-08-31,108.15,105.98,105.98,1308800
108.45,2023-09-01,108.5,107.2,107.8,736600
107.17,2023-09-05,108.38,107.01,108.0,1168300
106.24,2023-09-06,107.33,104.863,106.95,1223100
98.72,2023-09-07,104.37,98.03,103.85,2572600
99.34,2023-09-08,99.46,97.97,98.3,1256500
97.21,2023-09-11,100.902,97.09,100.48,1346000
94.51,2023-09-12,97.45,94.11,96.46,2063300
94.34,2023-09-13,95.21,93.725,94.37,1233400
96.1,2023-09-14,96.48,94.76,95.42,1589400
95.93,2023-09-15,97.0,95.17,95.65,2216200
96.87,2023-09-18,97.47,95.81,95.81,1528600
95.65,2023-09-19,96.9,95.524,96.9,722000
95.21,2023-09-20,96.61,95.17,96.13,1049100
94.55,2023-09-21,95.695,94.47,94.47,961700
94.13,2023-09-22,95.24,93.84,95.22,763500
96.5,2023-09-25,96.715,93.49,93.49,1154100
94.81,2023-09-26,96.38,94.601,95.4,1552000
94.56,2023-09-27,95.5,93.48,94.99,1408300
95.47,2023-09-28,96.6,94.41,94.41,1067500
95.47,2023-09-29,96.925,95.29,96.79,840400
95.12,2023-10-02,95.98,94.47,95.03,1224800
93.73,2023-10-03,96.87,93.18,94.75,1038100
94.1,2023-10-04,94.28,93.06,93.86,946900
93.92,2023-10-05,94.58,92.95,94.27,871800
94.83,2023-10-06,95.78,93.23,93.84,1029300
94.9,2023-10-09,95.06,93.13,93.41,650700
93.26,2023-10-10,94.31,90.875,91.64,1669600
93.42,2023-10-11,93.58,91.555,92.95,1207200
92.99,2023-10-12,93.86,91.91,93.58,1159200
90.92,2023-10-13,93.26,90.41,93.13,953100
92.22,2023-10-16,92.71,91.32,91.48,888200
92.76,2023-10-17,93.065,90.63,90.88,885600
91.7,2023-10-18,92.04,90.87,91.5,1066600
90.98,2023-10-19,93.22,90.68,92.47,1215700
90.0,2023-10-20,91.47,89.88,91.24,1174100
88.39,2023-10-23,90.17,88.34,89.59,1108600
88.84,2023-10-24,89.62,87.92,88.55,963400
86.2,2023-10-25,87.61,85.5,87.54,1194300
86.28,2023-10-26,87.75,86.03,87.03,1067700
86.47,2023-10-27,87.56,85.94,86.89,1005500
86.07,2023-10-30,86.85,84.61,86.31,1192900
87.42,2023-10-31,87.52,85.345,86.1,1594800
87.82,2023-11-01,87.99,85.69,87.45,1960300
85.48,2023-11-02,91.0,80.62,90.21,3583900
88.33,2023-11-03,89.3,85.98,86.01,1552600
88.14,2023-11-06,88.95,87.105,88.0,1258200
88.12,2023-11-07,88.42,87.28,87.65,1003100
87.94,2023-11-08,90.97,87.8,88.98,1515400
87.43,2023-11-09,89.07,87.32,88.64,1466500
91.66,2023-11-10,91.95,88.39,88.5,2349800
90.37,2023-11-13,91.035,89.65,90.93,995500
94.62,2023-11-14,95.27,92.39,92.65,1805800
95.2,2023-11-15,95.95,94.62,94.95,1480200
93.86,2023-11-16,95.32,93.54,94.81,1194300
94.08,2023-11-17,94.49,93.56,94.41,1112700
95.14,2023-11-20,95.56,93.7,94.01,803300
93.13,2023-11-21,94.0,92.44,93.99,1196800
93.35,2023-11-22,94.72,93.26,93.68,793800
93.39,2023-11-24,93.71,93.17,93.28,390400
93.34,2023-11-27,93.81,92.69,93.06,1100700
93.51,2023-11-28,94.03,92.5,92.79,1133400
95.89,2023-11-29,97.08,95.06,95.06,1371000
96.5,2023-11-30,96.71,95.505,96.09,1675200
97.42,2023-12-01,97.84,95.19,96.23,1378600
97.67,2023-12-04,97.76,96.13,96.43,1207200
97.11,2023-12-05,97.82,96.18,96.79,1073500
97.51,2023-12-06,98.92,97.2,97.72,1167200
100.32,2023-12-07,101.06,97.7,98.07,1257500
103.97,2023-12-08,104.84,101.88,101.9,1696000
106.04,2023-12-11,106.38,103.97,104.12,1374000
106.27,2023-12-12,106.96,105.26,105.37,869700
108.32,2023-12-13,109.33,106.01,106.01,1518200
112.55,2023-12-14,112.73,109.24,109.59,1993000
112.26,2023-12-15,113.4,111.62,113.08,2048500
111.91,2023-12-18,112.298,110.3,112.0,1478100
111.49,2023-12-19,112.45,111.35,112.09,1479700
108.55,2023-12-20,111.65,108.459,110.92,1600300
111.21,2023-12-21,111.62,109.91,110.41,1041500
112.6,2023-12-22,113.45,111.14,111.56,1166100
114.38,2023-12-26,114.97,112.98,113.24,733300
114.61,2023-12-27,114.73,113.845,114.65,602200
114.18,2023-12-28,114.86,114.0,114.64,545100
112.61,2023-12-29,114.338,112.31,114.06,908900
108.91,2024-01-02,111.37,107.875,111.23,2131300
105.69,2024-01-03,107.88,105.51,107.88,1537200
102.99,2024-01-04,104.19,101.35,102.22,1951600
103.12,2024-01-05,104.305,102.24,102.73,1175700
105.39,2024-01-08,106.19,103.095,103.46,1093400
104.0,2024-01-09,105.525,103.39,104.02,851400
104.49,2024-01-10,104.63,102.52,103.62,964100
103.71,2024-01-11,104.39,101.47,103.99,1207900
102.3,2024-01-12,104.53,101.81,104.0,891600
101.41,2024-01-16,102.53,100.5,101.76,1022500
99.89,2024-01-17,101.14,98.38,100.37,1061900
103.78,2024-01-18,103.93,101.23,102.11,1734500
105.56,2024-01-19,106.23,103.82,105.11,1361100
106.7,2024-01-22,107.567,105.89,106.39,874500
107.77,2024-01-23,108.29,106.69,107.12,607000
105.96,2024-01-24,108.29,105.59,107.86,1031400
106.44,2024-01-25,107.77,105.56,107.74,1309300
103.68,2024-01-26,105.845,102.72,105.17,1260400
103.7,2024-01-29,104.235,102.77,104.0,1620100
100.26,2024-01-30,103.19,100.11,102.88,2413800
99.74,2024-01-31,102.15,98.34,101.05,3626300
105.75,2024-02-01,108.43,102.78,105.07,3979200
103.59,2024-02-02,105.3,102.34,105.3,2167500
107.33,2024-02-05,108.13,104.03,104.19,1736400
108.61,2024-02-06,108.72,106.676,107.72,1762900
110.85,2024-02-07,111.1,107.96,109.93,1609300
112.62,2024-02-08,113.71,110.48,110.48,1396200
112.32,2024-02-09,113.92,112.215,112.85,1133000
113.73,2024-02-12,114.79,111.76,112.41,1194000
111.71,2024-02-13,112.75,110.0,110.39,1332100
113.59,2024-02-14,113.9,111.81,112.8,1078900
113.88,2024-02-15,114.75,113.35,114.0,1222900
112.17,2024-02-16,114.29,112.11,113.73,855500
111.86,2024-02-20,112.55,110.9,111.0,1086100
111.89,2024-02-21,111.92,110.185,110.93,864600
113.45,2024-02-22,113.86,112.03,113.68,1010300
112.8,2024-02-23,113.96,112.68,113.42,670600
113.52,2024-02-26,114.25,113.41,113.71,592400
114.01,2024-02-27,114.78,113.73,113.88,561700
112.05,2024-02-28,113.43,111.88,112.78,624300
114.55,2024-02-29,114.77,112.4,113.65,1159200
119.62,2024-03-01,120.255,114.97,115.0,1789000
120.22,2024-03-04,121.65,119.62,121.0,1337300
113.29,2024-03-05,119.22,112.26,119.22,1406800
115.89,2024-03-06,118.725,114.97,115.0,1235300
118.79,2024-03-07,119.96,116.82,116.94,1138000
116.07,2024-03-08,119.75,116.05,119.01,1383600
117.49,2024-03-11,117.53,114.95,115.22,904200
120.17,2024-03-12,120.385,116.65,118.44,1010000
116.13,2024-03-13,120.18,115.68,119.21,1399000
113.58,2024-03-14,116.44,112.45,115.69,1685600
111.85,2024-03-15,113.19,111.58,111.77,2416200
111.28,2024-03-18,113.48,110.99,112.84,1320500
110.8,2024-03-19,111.195,109.08,110.54,1314200
113.52,2024-03-20,114.22,110.32,110.72,1069800
115.38,2024-03-21,117.88,114.76,115.83,1271000
114.38,2024-03-22,115.76,114.24,114.73,539400
113.75,2024-03-25,114.21,112.175,112.93,771200
112.64,2024-03-26,115.0,112.55,113.41,893200
114.6,2024-03-27,114.715,112.41,113.48,949700
114.83,2024-03-28,115.8,114.14,114.91,1142300
114.15,2024-04-01,116.68,113.63,115.21,938000
113.8,2024-04-02,114.15,112.27,113.0,862600
114.9,2024-04-03,115.5,112.85,112.9,777900
113.0,2024-04-04,116.64,112.53,116.0,1294500
115.09,2024-04-05,115.17,112.67,112.67,758900
114.46,2024-04-08,115.52,113.38,114.57,640000
116.49,2024-04-09,116.63,114.73,115.51,833700
113.38,2024-04-10,115.27,112.57,113.8,926600
115.81,2024-04-11,116.33,112.71,114.17,794300
111.36,2024-04-12,114.39,110.95,113.49,1222100
110.07,2024-04-15,112.99,109.05,112.64,1223900
111.15,2024-04-16,112.11,110.21,110.21,958000
109.95,2024-04-17,111.675,109.47,111.51,1386000
107.84,2024-04-18,110.055,107.76,109.06,1482100
104.88,2024-04-19,107.72,104.27,107.43,1203400
107.12,2024-04-22,107.8,104.98,105.63,1216100
107.98,2024-04-23,108.85,107.145,107.19,1001700
112.15,2024-04-24,113.53,110.64,111.03,1551900
114.7,2024-04-25,115.59,111.73,112.72,1261200
116.75,2024-04-26,117.1,114.6,114.7,1042900
118.83,2024-04-29,118.9,115.99,115.99,1041000
116.84,2024-04-30,119.045,116.74,118.57,1288200
111.89,2024-05-01,116.23,111.81,113.64,2943400
95.67,2024-05-02,103.0,94.34,101.93,5929200
95.95,2024-05-03,97.3,95.41,96.52,2424500
96.21,2024-05-06,97.155,95.385,96.33,2052500
96.75,2024-05-07,97.67,96.11,96.84,1429900
96.02,2024-05-08,97.465,94.87,95.5,1401200
97.02,2024-05-09,97.45,95.11,95.71,1205400
97.69,2024-05-10,97.91,96.68,97.68,816300
98.35,2024-05-13,99.3,97.92,98.0,1113500
99.05,2024-05-14,99.49,98.413,98.9,922100
99.91,2024-05-15,99.98,98.91,99.31,1195500
99.51,2024-05-16,100.68,98.92,99.38,1149900
98.43,2024-05-17,100.31,97.42,100.14,1096300
98.68,2024-05-20,99.62,98.38,98.61,865100
97.99,2024-05-21,98.47,96.97,97.47,734000
99.55,2024-05-22,99.97,98.225,99.0,1180400
96.86,2024-05-23,100.0,95.68,100.0,1609600
98.29,2024-05-24,98.59,97.21,97.81,1000200
98.18,2024-05-28,99.41,97.69,99.41,1259700
96.28,2024-05-29,97.33,96.0,96.0,1099400
97.09,2024-05-30,97.33,96.0,96.57,916800
98.39,2024-05-31,98.44,95.17,97.22,1250500
97.89,2024-06-03,99.0,96.24,99.0,1240700
97.7,2024-06-04,98.09,96.7,97.89,1092500
99.64,2024-06-05,99.715,97.67,98.65,1022700
99.98,2024-06-06,100.56,98.24,98.98,1174900
99.49,2024-06-07,100.28,98.795,99.45,804800
102.36,2024-06-10,103.5,98.85,98.85,2263100
104.07,2024-06-11,104.13,100.42,101.56,1468200
108.72,2024-06-12,109.43,105.55,106.05,2736200
113.36,2024-06-13,113.775,107.56,107.65,2444600
112.38,2024-06-14,113.57,111.11,112.36,1408200
114.2,2024-06-17,114.96,111.06,112.36,1124300
114.71,2024-06-18,115.8,113.59,114.01,1106800
112.91,2024-06-20,115.26,112.41,114.71,1573400
113.52,2024-06-21,113.88,110.63,112.56,3883700
113.53,2024-06-24,115.51,112.18,112.18,1299700
115.43,2024-06-25,115.605,112.9,114.2,1413600
113.84,2024-06-26,116.11,112.315,115.09,1158600
112.39,2024-06-27,114.22,111.0,113.83,1049200
116.04,2024-06-28,116.44,113.35,113.5,2010600
117.81,2024-07-01,118.05,115.39,116.94,1044700
118.9,2024-07-02,119.48,117.0,117.67,1070000
117.13,2024-07-03,119.45,116.545,119.13,1129400
118.75,2024-07-05,119.33,116.135,118.13,907000
120.82,2024-07-08,121.88,118.75,118.75,942400
119.69,2024-07-09,120.78,118.015,120.55,915700
124.95,2024-07-10,125.21,120.295,120.69,1235400
122.51,2024-07-11,125.74,122.34,125.72,1064700
122.8,2024-07-12,125.3,122.08,122.82,1159600
126.32,2024-07-15,127.5,123.67,123.98,1285800
129.21,2024-07-16,130.99,126.51,126.83,1394000
123.59,2024-07-17,128.97,123.43,126.0,2167600
124.59,2024-07-18,127.19,123.19,125.53,1047000
121.8,2024-07-19,124.39,121.12,124.36,1178200
125.49,2024-07-22,125.88,122.76,124.88,1145800
125.14,2024-07-23,125.3,123.98,124.31,865700
120.04,2024-07-24,125.24,119.845,124.26,1682600
118.67,2024-07-25,122.79,118.21,119.71,1704900
122.01,2024-07-26,123.66,120.375,121.62,1099500
122.47,2024-07-29,124.87,122.31,122.62,1185400
119.46,2024-07-30,123.41,118.64,122.66,2788700
119.8,2024-07-31,121.94,111.79,121.5,3835200
110.65,2024-08-01,119.083,109.21,118.04,2676600
107.93,2024-08-02,110.54,107.26,108.55,2386300
104.61,2024-08-05,106.91,102.13,103.58,1885100
103.02,2024-08-06,106.465,102.92,104.94,1300500
100.6,2024-08-07,106.83,100.03,105.99,1310600
107.08,2024-08-08,107.88,101.64,103.77,1653300
106.2,2024-08-09,107.36,104.89,104.94,854500
106.93,2024-08-12,109.02,106.225,106.72,465424
